(drwxr-xr-x),/images/../,
(drwxr-xr-x),/images/stealth_mode/,
(drwxr-xr-x),/images/browserify/,
(drwxr-xr-x),/images/browserling/,
(drwxr-xr-x),/images/browsers/,
(drwxr-xr-x),/images/dnode-slides/,
(drwxr-xr-x),/images/do_not_write_big_apps/,
(drwxr-xr-x),/images/dools/,
(drwxr-xr-x),/images/furniture/,
(drwxr-xr-x),/images/grave/,
(drwxr-xr-x),/images/haskell-gd/,
(drwxr-xr-x),/images/heatwave/,
(drwxr-xr-x),/images/huge/,
(drwxr-xr-x),/images/hujs/,
(drwxr-xr-x),/images/hume/,
(drwxr-xr-x),/images/hunger_games_oakland/,
(drwxr-xr-x),/images/avatars/,
(drwxr-xr-x),/images/laptop-battery-hack/,
(drwxr-xr-x),/images/logo/,
(drwxr-xr-x),/images/math/,
(drwxr-xr-x),/images/nodeconf-2011-slides/,
(drwxr-xr-x),/images/npmdep/,
(drwxr-xr-x),/images/penny_farthing/,
(drwxr-xr-x),/images/photo/,
(drwxr-xr-x),/images/pix/,
(drwxr-xr-x),/images/robot-telescope/,
(drwxr-xr-x),/images/rov-2010/,
(drwxr-xr-x),/images/scratch/,
(drwxr-xr-x),/images/screenshots/,
(drwxr-xr-x),/images/sf-city-lots/,
(drwxr-xr-x),/images/spaceship/,
(drwxr-xr-x),/images/internet/,
(-rw-r--r--)1.2k,/images/youtube.png,.png
(-rw-r--r--)315.8k,/images/yarnify.svg,.svg
(-rw-r--r--)119.5k,/images/yarnify.png,.png
(-rw-r--r--)29.9k,/images/writable.svg,.svg
(-rw-r--r--)57.3k,/images/writable.png,.png
(-rw-r--r--)74.5k,/images/worm.svg,.svg
(-rw-r--r--)73.5k,/images/worm.png,.png
(-rw-r--r--)214.8k,/images/world_map.svg,.svg
(-rw-r--r--)129.9k,/images/world_map.png,.png
(-rw-r--r--)1.7M,/images/wizard_sprite.svg,.svg
(-rw-r--r--)7.6k,/images/wizard_hat_dull.png,.png
(-rw-r--r--)31.1k,/images/wizard_hat.svg,.svg
(-rw-r--r--)8.1k,/images/wizard_hat.png,.png
(-rw-r--r--)111.2k,/images/wizard.svg,.svg
(-rw-r--r--)53.3k,/images/wizard.png,.png
(-rw-r--r--)183.3k,/images/why-browserling.png,.png
(-rw-r--r--)87.9k,/images/whale.svg,.svg
(-rw-r--r--)97.4k,/images/whale.png,.png
(-rw-r--r--)447.0k,/images/websockets.svg,.svg
(-rw-r--r--)159.5k,/images/websockets.png,.png
(-rw-r--r--)218.2k,/images/virtual_mars.svg,.svg
(-rw-r--r--)52.8k,/images/virtual_mars.png,.png
(-rw-r--r--)2.9k,/images/vaporwave.jpg,.jpg
(-rw-r--r--)81.3k,/images/upboat.svg,.svg
(-rw-r--r--)84.0k,/images/upboat.png,.png
(-rw-r--r--)153.7k,/images/unix_philosophy.svg,.svg
(-rw-r--r--)212.0k,/images/unix_philosophy.png,.png
(-rw-r--r--)154.8k,/images/universe-of-discord.svg,.svg
(-rw-r--r--)55.1k,/images/universe-of-discord.png,.png
(-rw-r--r--)1.2k,/images/twitter.png,.png
(-rw-r--r--)66.2k,/images/trumpet.svg,.svg
(-rw-r--r--)66.9k,/images/trumpet.png,.png
(-rw-r--r--)172.4k,/images/triceratops.svg,.svg
(-rw-r--r--)108.9k,/images/triceratops.png,.png
(-rw-r--r--)216.3k,/images/tree.svg,.svg
(-rw-r--r--)142.3k,/images/tree-traversal.svg,.svg
(-rw-r--r--)46.5k,/images/tree-traversal.png,.png
(-rw-r--r--)49.4k,/images/trampoline.png,.png
(-rw-r--r--)54.3k,/images/tracer_bullet.svg,.svg
(-rw-r--r--)43.5k,/images/tracer_bullet.png,.png
(-rw-r--r--)59.3k,/images/through.svg,.svg
(-rw-r--r--)95.6k,/images/through.png,.png
(-rw-r--r--)32.6k,/images/thomas-turtle.svg,.svg
(-rw-r--r--)54.6k,/images/thomas-turtle.png,.png
(-rw-r--r--)38.8k,/images/thinkpad.svg,.svg
(-rw-r--r--)15.5k,/images/thinkpad.png,.png
(-rw-r--r--)817.7k,/images/the-robot-vote.svg,.svg
(-rw-r--r--)278.8k,/images/the-robot-vote.png,.png
(-rw-r--r--)64.0k,/images/testling_sticker.svg,.svg
(-rw-r--r--)120.9k,/images/testling_sticker.png,.png
(-rw-r--r--)67.5k,/images/testling_mission_control.png,.png
(-rw-r--r--)3.8k,/images/testling_icon.png,.png
(-rw-r--r--)13.2k,/images/testling_donate_5.png,.png
(-rw-r--r--)12.5k,/images/testling_donate_20.png,.png
(-rw-r--r--)13.4k,/images/testling_donate_10.png,.png
(-rw-r--r--)166.4k,/images/testling_donate.svg,.svg
(-rw-r--r--)146.6k,/images/testling_big.png,.png
(-rw-r--r--)97.8k,/images/testling_badge_dnode.png,.png
(-rw-r--r--)330.9k,/images/testling_badge.svg,.svg
(-rw-r--r--)19.9k,/images/testling_badge.png,.png
(-rw-r--r--)43.7k,/images/testling.svg,.svg
(-rw-r--r--)44.9k,/images/testling.png,.png
(-rw-r--r--)26.6k,/images/tape_drive.svg,.svg
(-rw-r--r--)16.8k,/images/tape_drive.png,.png
(-rw-r--r--)95.7k,/images/tacodb_tacostack5.png,.png
(-rw-r--r--)73.4k,/images/tacodb_tacostack.png,.png
(-rw-r--r--)174.8k,/images/tacodb_platestack5.png,.png
(-rw-r--r--)127.0k,/images/tacodb_platestack.png,.png
(-rw-r--r--)66.8k,/images/tacodb_platedb.png,.png
(-rw-r--r--)11.4k,/images/tacodb_logo.png,.png
(-rw-r--r--)3.0M,/images/tacodb.svg,.svg
(-rw-r--r--)90.4k,/images/tacodb.png,.png
(-rw-r--r--)157.9k,/images/taco_conf_front.svg,.svg
(-rw-r--r--)93.2k,/images/taco_conf_date.png,.png
(-rw-r--r--)329.5k,/images/taco_conf_back.svg,.svg
(-rw-r--r--)81.9k,/images/taco_conf.png,.png
(-rw-r--r--)542.0k,/images/taco.svg,.svg
(-rw-r--r--)183.7k,/images/taco.png,.png
(-rw-r--r--)285.1k,/images/t-rex.svg,.svg
(-rw-r--r--)210.2k,/images/t-rex.png,.png
(-rw-r--r--)143.0k,/images/swoop.svg,.svg
(-rw-r--r--)93.1k,/images/swoop.png,.png
(-rw-r--r--)10.3k,/images/substackistan.png,.png
(-rw-r--r--)2.7M,/images/substack_pixel.svg,.svg
(-rw-r--r--)6.5k,/images/substack_monochrome.png,.png
(-rw-r--r--)22.0k,/images/substack_monochrome.jpg,.jpg
(-rw-r--r--)7.8k,/images/substack_header_letters.png,.png
(-rw-r--r--)138.6k,/images/substack_header.svg,.svg
(-rw-r--r--)80.6k,/images/substack_compute.jpg,.jpg
(-rw-r--r--)99.9k,/images/substack_compute.an8,.an8
(-rw-r--r--)13.3k,/images/substack_angry.png,.png
(-rw-r--r--)45.0k,/images/substack_240.png,.png
(-rw-r--r--)58.6k,/images/substack.svg,.svg
(-rw-r--r--)13.3k,/images/substack.png,.png
(-rw-r--r--)9.5k,/images/substack.gif,.gif
(-rw-r--r--)1.1k,/images/soundcloud.png,.png
(-rw-r--r--)163.2k,/images/sound_of_a_voice.svg,.svg
(-rw-r--r--)59.7k,/images/sound_of_a_voice.png,.png
(-rw-r--r--)88.8k,/images/sky_cake.svg,.svg
(-rw-r--r--)94.2k,/images/sky_cake.png,.png
(-rw-r--r--)43.1k,/images/singsong.png,.png
(-rw-r--r--)425.8k,/images/sillyscope_spectrogram.png,.png
(-rw-r--r--)194.4k,/images/shoe.svg,.svg
(-rw-r--r--)89.4k,/images/shoe.png,.png
(-rw-r--r--)33.7k,/images/shader_emulation_taurus.png,.png
(-rw-r--r--)122.3k,/images/sesame.svg,.svg
(-rw-r--r--)78.7k,/images/sesame.png,.png
(-rw-r--r--)76.6k,/images/separation_of_concerns.svg,.svg
(-rw-r--r--)67.2k,/images/separation_of_concerns.png,.png
(-rw-r--r--)55.2k,/images/self_big.jpg,.jpg
(-rw-r--r--)221.9k,/images/self.svg,.svg
(-rw-r--r--)40.8k,/images/self.png,.png
(-rw-r--r--)13.5k,/images/self.jpg,.jpg
(-rw-r--r--)47.6k,/images/secure_peer_logo.svg,.svg
(-rw-r--r--)22.9k,/images/secure_peer_logo.png,.png
(-rw-r--r--)47.1k,/images/seaport_logo.svg,.svg
(-rw-r--r--)25.5k,/images/seaport_logo.png,.png
(-rw-r--r--)62.0k,/images/seaport.svg,.svg
(-rw-r--r--)28.7k,/images/seaport.png,.png
(-rw-r--r--)125.5k,/images/scuttlebutt.svg,.svg
(-rw-r--r--)142.7k,/images/scuttlebutt.png,.png
(-rw-r--r--)67.1k,/images/school_of_fish.svg,.svg
(-rw-r--r--)113.0k,/images/school_of_fish.png,.png
(-rw-r--r--)63.6k,/images/saucer_pending.svg,.svg
(-rw-r--r--)83.8k,/images/saucer_pending.gif,.gif
(-rw-r--r--)61.8k,/images/saucer_landing.png,.png
(-rw-r--r--)52.3k,/images/safe_harbor_claus.svg,.svg
(-rw-r--r--)109.9k,/images/safe_harbor_claus.png,.png
(-rw-r--r--)527.8k,/images/rov.svg,.svg
(-rw-r--r--)82.3k,/images/rov.png,.png
(-rw-r--r--)503.8k,/images/ross_mural.png,.png
(-rw-r--r--)253.2k,/images/robot_telescope.svg,.svg
(-rw-r--r--)60.3k,/images/robot_telescope.png,.png
(-rw-r--r--)37.2k,/images/robot_recycling.jpg,.jpg
(-rw-r--r--)70.0k,/images/robot.svg,.svg
(-rw-r--r--)20.6k,/images/robot.png,.png
(-rw-r--r--)107.6k,/images/robokit.svg,.svg
(-rw-r--r--)42.0k,/images/robokit.png,.png
(-rw-r--r--)4.1k,/images/right.png,.png
(-rw-r--r--)31.7k,/images/readable.svg,.svg
(-rw-r--r--)55.9k,/images/readable.png,.png
(-rw-r--r--)389.5k,/images/raptor.svg,.svg
(-rw-r--r--)174.2k,/images/raptor.png,.png
(-rw-r--r--)133.0k,/images/queue.png,.png
(-rw-r--r--)41.4k,/images/quacks_like_a_duck.svg,.svg
(-rw-r--r--)49.8k,/images/quacks_like_a_duck.png,.png
(-rw-r--r--)18.9k,/images/pushover_logo.png,.png
(-rw-r--r--)31.1k,/images/pushover.svg,.svg
(-rw-r--r--)20.4k,/images/pushover.png,.png
(-rw-r--r--)56.3k,/images/printable_pixels.svg,.svg
(-rw-r--r--)7.0k,/images/printable.svg,.svg
(-rw-r--r--)39.5k,/images/pony.svg,.svg
(-rw-r--r--)51.2k,/images/pony.png,.png
(-rw-r--r--)29.3k,/images/polar_bear.svg,.svg
(-rw-r--r--)41.6k,/images/polar_bear.png,.png
(-rw-r--r--)23.5k,/images/ploy.svg,.svg
(-rw-r--r--)25.5k,/images/ploy.png,.png
(-rw-r--r--)15.9k,/images/pending_badge.png,.png
(-rw-r--r--)60.6k,/images/pause_stream.svg,.svg
(-rw-r--r--)114.4k,/images/pause_stream.png,.png
(-rw-r--r--)190.7k,/images/pascal.svg,.svg
(-rw-r--r--)151.0k,/images/pascal.png,.png
(-rw-r--r--)1.1k,/images/outline.png,.png
(-rw-r--r--)50.6k,/images/oscilloscope.svg,.svg
(-rw-r--r--)35.4k,/images/oscilloscope.png,.png
(-rw-r--r--)233.1k,/images/optimistic.svg,.svg
(-rw-r--r--)82.7k,/images/optimistic.png,.png
(-rw-r--r--)233.1k,/images/optimist_logo.svg,.svg
(-rw-r--r--)30.5k,/images/optimist_logo.png,.png
(-rw-r--r--)645.6k,/images/only-a-dream.svg,.svg
(-rw-r--r--)229.5k,/images/only-a-dream.png,.png
(-rw-r--r--)58.2k,/images/ogdenius_maximus.svg,.svg
(-rw-r--r--)52.4k,/images/ogdenius_maximus.png,.png
(-rw-r--r--)40.3k,/images/octopus.an8,.an8
(-rw-r--r--)34.9k,/images/oakland.svg,.svg
(-rw-r--r--)118.9k,/images/oakland.png,.png
(-rw-r--r--)50.5k,/images/oakjs.svg,.svg
(-rw-r--r--)130.5k,/images/oakjs.png,.png
(-rw-r--r--)45.0k,/images/oak_coffee.svg,.svg
(-rw-r--r--)111.1k,/images/oak_coffee.png,.png
(-rw-r--r--)311.7k,/images/npmtop.svg,.svg
(-rw-r--r--)151.7k,/images/npmtop.png,.png
(-rw-r--r--)1015B,/images/npm.png,.png
(-rw-r--r--)27.6k,/images/node_turtle_solid.svg,.svg
(-rw-r--r--)26.8k,/images/node_turtle_solid.png,.png
(-rw-r--r--)293.8k,/images/node_turtle_plume.svg,.svg
(-rw-r--r--)136.9k,/images/node_turtle_plume.png,.png
(-rw-r--r--)294.8k,/images/node_turtle.svg,.svg
(-rw-r--r--)191.3k,/images/node_turtle.png,.png
(-rw-r--r--)174.8k,/images/no_earthquakes.png,.png
(-rw-r--r--)38.2k,/images/nesting-robots.svg,.svg
(-rw-r--r--)24.2k,/images/nesting-robots.png,.png
(-rw-r--r--)55.9k,/images/mux_demux.svg,.svg
(-rw-r--r--)127.2k,/images/mux_demux.png,.png
(-rw-r--r--)95.0k,/images/music.svg,.svg
(-rw-r--r--)44.1k,/images/music.png,.png
(-rw-r--r--)99.2k,/images/mushroom_cloud.svg,.svg
(-rw-r--r--)88.7k,/images/mushroom_cloud.png,.png
(-rw-r--r--)126.3k,/images/multimeter.svg,.svg
(-rw-r--r--)103.2k,/images/multimeter.png,.png
(-rw-r--r--)130.4k,/images/mrcolor.svg,.svg
(-rw-r--r--)145.2k,/images/mrcolor.png,.png
(-rw-r--r--)120.1k,/images/mountie_equation.png,.png
(-rw-r--r--)105.2k,/images/mountie.svg,.svg
(-rw-r--r--)68.6k,/images/mountie.png,.png
(-rw-r--r--)66.2k,/images/monster_0.svg,.svg
(-rw-r--r--)6.4k,/images/modularity.png,.png
(-rw-r--r--)205.2k,/images/mind_explosion_silly.png,.png
(-rw-r--r--)282.7k,/images/mind_explosion.svg,.svg
(-rw-r--r--)196.4k,/images/mind_explosion.png,.png
(-rw-r--r--)63.7k,/images/microwave.png,.png
(-rw-r--r--)153.8k,/images/method-chain.svg,.svg
(-rw-r--r--)64.4k,/images/method-chain.png,.png
(-rw-r--r--)79.5k,/images/message-passing.svg,.svg
(-rw-r--r--)67.6k,/images/message-passing.png,.png
(-rw-r--r--)92.8k,/images/mechanical_bull.svg,.svg
(-rw-r--r--)108.8k,/images/mechanical_bull.png,.png
(-rw-r--r--)145.7k,/images/mcilroy.svg,.svg
(-rw-r--r--)43.1k,/images/mcilroy.png,.png
(-rw-r--r--)36.3k,/images/maxwell-equations.jpg,.jpg
(-rw-r--r--)107.9k,/images/max_fish.png,.png
(-rw-r--r--)76.4k,/images/max.svg,.svg
(-rw-r--r--)88.2k,/images/max.png,.png
(-rw-r--r--)74.0k,/images/max.gif,.gif
(-rw-r--r--)318.8k,/images/marley.svg,.svg
(-rw-r--r--)110.5k,/images/marley.png,.png
(-rw-r--r--)86.2k,/images/malicious-user.svg,.svg
(-rw-r--r--)56.6k,/images/malicious-user.png,.png
(-rw-r--r--)102.2k,/images/malicious-attack.svg,.svg
(-rw-r--r--)68.9k,/images/malicious-attack.png,.png
(-rw-r--r--)259.7k,/images/mad_science_%E7%96%AF%E7%8B%82%E7%A7%91%E5%AD%A6.svg,.svg
(-rw-r--r--)207.5k,/images/mad_science_%E7%96%AF%E7%8B%82%E7%A7%91%E5%AD%A6.png,.png
(-rw-r--r--)121.3k,/images/mad_science.svg,.svg
(-rw-r--r--)129.8k,/images/mad_science.png,.png
(-rw-r--r--)8.8k,/images/leveldb.svg,.svg
(-rw-r--r--)22.1k,/images/leveldb.png,.png
(-rw-r--r--)29.9k,/images/level_party.svg,.svg
(-rw-r--r--)46.2k,/images/level_party.png,.png
(-rw-r--r--)54.5k,/images/lettuce.svg,.svg
(-rw-r--r--)80.1k,/images/lettuce.png,.png
(-rw-r--r--)4.4k,/images/left.png,.png
(-rw-r--r--)37.1k,/images/lebron.svg,.svg
(-rw-r--r--)36.6k,/images/lebron.png,.png
(-rw-r--r--)80.8k,/images/lazorse.svg,.svg
(-rw-r--r--)44.9k,/images/lazorse.png,.png
(-rw-r--r--)1.6k,/images/lanyrd.png,.png
(-rw-r--r--)165.1k,/images/lambdaphant.svg,.svg
(-rw-r--r--)151.2k,/images/lambdaphant.png,.png
(-rw-r--r--)124.3k,/images/kernighan.svg,.svg
(-rw-r--r--)52.3k,/images/kernighan.png,.png
(-rw-r--r--)110.6k,/images/keeping_it_surrealtime.svg,.svg
(-rw-r--r--)74.8k,/images/keeping_it_surrealtime.png,.png
(-rw-r--r--)58.4k,/images/jumping.png,.png
(-rw-r--r--)102.7k,/images/isaacs.svg,.svg
(-rw-r--r--)52.3k,/images/isaacs.png,.png
(-rw-r--r--)54.3k,/images/iphone_safari.png,.png
(-rw-r--r--)8.3k,/images/iphone.png,.png
(-rw-r--r--)44.1k,/images/ipad_safari.png,.png
(-rw-r--r--)9.2k,/images/ipad.png,.png
(-rw-r--r--)54.3k,/images/ios_safari.png,.png
(-rw-r--r--)753.6k,/images/interplanetary-brotherhood-of-robots.svg,.svg
(-rw-r--r--)106.2k,/images/interplanetary-brotherhood-of-robots.png,.png
(-rw-r--r--)282.4k,/images/internal-error.svg,.svg
(-rw-r--r--)97.3k,/images/internal-error.png,.png
(-rw-r--r--)2.5k,/images/ieee.png,.png
(-rw-r--r--)94.3k,/images/icebreaker.svg,.svg
(-rw-r--r--)37.9k,/images/icebreaker.png,.png
(-rw-r--r--)87.0k,/images/hyperspace.svg,.svg
(-rw-r--r--)58.6k,/images/hyperspace.png,.png
(-rw-r--r--)1.8M,/images/hunger_games_oakland.svg,.svg
(-rw-r--r--)202.4k,/images/hunger_games_oakland.png,.png
(-rw-r--r--)190.6k,/images/html5.svg,.svg
(-rw-r--r--)164.5k,/images/html5.png,.png
(-rw-r--r--)104.2k,/images/ht_in_et_draft2.png,.png
(-rw-r--r--)57.8k,/images/ht_in_et_draft1.png,.png
(-rw-r--r--)37.3k,/images/ht_in_et_draft0.png,.png
(-rw-r--r--)127.1k,/images/ht_in_et.svg,.svg
(-rw-r--r--)137.9k,/images/ht_in_et.png,.png
(-rw-r--r--)221.0k,/images/hookio.svg,.svg
(-rw-r--r--)294.5k,/images/hookio.png,.png
(-rw-r--r--)21.9k,/images/hjkl.svg,.svg
(-rw-r--r--)45.3k,/images/hjkl.png,.png
(-rw-r--r--)100.4k,/images/heatwave.png,.png
(-rw-r--r--)167.9k,/images/heatmap.png,.png
(-rw-r--r--)59.1k,/images/hat.svg,.svg
(-rw-r--r--)56.8k,/images/hat.png,.png
(-rw-r--r--)107.0k,/images/harnessing_streams.svg,.svg
(-rw-r--r--)192.5k,/images/harnessing_streams.png,.png
(-rw-r--r--)342.3k,/images/halliday.svg,.svg
(-rw-r--r--)76.2k,/images/halliday.png,.png
(-rw-r--r--)490.9k,/images/gossip_protocol.svg,.svg
(-rw-r--r--)194.3k,/images/gossip_protocol.png,.png
(-rw-r--r--)2.5k,/images/gittip.png,.png
(-rw-r--r--)2.5k,/images/gitorious.png,.png
(-rw-r--r--)205.3k,/images/github_request.png,.png
(-rw-r--r--)3.2k,/images/github.png,.png
(-rw-r--r--)415.0k,/images/funny-papers.svg,.svg
(-rw-r--r--)164.6k,/images/funny-papers.png,.png
(-rw-r--r--)817.5k,/images/freestyle_streams.svg,.svg
(-rw-r--r--)312.6k,/images/freestyle_streams.png,.png
(-rw-r--r--)355.2k,/images/fleet.svg,.svg
(-rw-r--r--)250.1k,/images/fleet.png,.png
(-rw-r--r--)353.2k,/images/felidae.svg,.svg
(-rw-r--r--)150.8k,/images/felidae.png,.png
(-rw-r--r--)1023B,/images/feed.png,.png
(-rw-r--r--)18.2k,/images/favicon.svg,.svg
(-rw-r--r--)7.5k,/images/favicon.png,.png
(-rw-r--r--)88.8k,/images/falafel_logo.svg,.svg
(-rw-r--r--)29.9k,/images/falafel_logo.png,.png
(-rw-r--r--)77.2k,/images/falafel.svg,.svg
(-rw-r--r--)48.5k,/images/falafel.png,.png
(-rw-r--r--)1.3k,/images/facebook.png,.png
(-rw-r--r--)46.9k,/images/exterminate.svg,.svg
(-rw-r--r--)23.9k,/images/exterminate.png,.png
(-rw-r--r--)99.6k,/images/ent.svg,.svg
(-rw-r--r--)114.6k,/images/ent.png,.png
(-rw-r--r--)67.2k,/images/emit_stream_1.png,.png
(-rw-r--r--)67.1k,/images/emit_stream_0.png,.png
(-rw-r--r--)49.2k,/images/emit_stream.svg,.svg
(-rw-r--r--)31.0k,/images/emit_stream.gif,.gif
(-rw-r--r--)35.6k,/images/duplexer.svg,.svg
(-rw-r--r--)62.3k,/images/duplexer.png,.png
(-rw-r--r--)41.5k,/images/duplex_streams.svg,.svg
(-rw-r--r--)102.6k,/images/duplex_streams.png,.png
(-rw-r--r--)44.3k,/images/duplex_shirt.svg,.svg
(-rw-r--r--)64.5k,/images/duplex_shirt.png,.png
(-rw-r--r--)140.5k,/images/duck.svg,.svg
(-rw-r--r--)67.4k,/images/duck.png,.png
(-rw-r--r--)207.7k,/images/dtrace_pony.svg,.svg
(-rw-r--r--)301.9k,/images/dtrace_pony.png,.png
(-rw-r--r--)277.1k,/images/dtrace_pony.eps,.eps
(-rw-r--r--)127.6k,/images/dreamhosted.svg,.svg
(-rw-r--r--)57.4k,/images/dreamhosted.png,.png
(-rw-r--r--)55.2k,/images/draw_oakland.svg,.svg
(-rw-r--r--)90.0k,/images/draw_oakland.png,.png
(-rw-r--r--)2.0k,/images/document.png,.png
(-rw-r--r--)159.9k,/images/dnode_logo.svg,.svg
(-rw-r--r--)54.4k,/images/dnode_logo.png,.png
(-rw-r--r--)140.7k,/images/dnode_freestyle.png,.png
(-rw-r--r--)191.8k,/images/dnode.svg,.svg
(-rw-r--r--)83.8k,/images/dnode.png,.png
(-rw-r--r--)58.4k,/images/dismantle_all_the_standards_bodies.svg,.svg
(-rw-r--r--)104.0k,/images/dismantle_all_the_standards_bodies.png,.png
(-rw-r--r--)707.1k,/images/dijkstra-folk-wisdom.svg,.svg
(-rw-r--r--)296.3k,/images/dijkstra-folk-wisdom.png,.png
(-rw-r--r--)315.2k,/images/created_by_browserling_banner.svg,.svg
(-rw-r--r--)43.7k,/images/created_by_browserling_banner.png,.png
(-rw-r--r--)75.7k,/images/crane.svg,.svg
(-rw-r--r--)68.3k,/images/crane.png,.png
(-rw-r--r--)465.1k,/images/couchdb.svg,.svg
(-rw-r--r--)87.3k,/images/couchdb.png,.png
(-rw-r--r--)220.6k,/images/coronation.svg,.svg
(-rw-r--r--)178.9k,/images/coronation.png,.png
(-rw-r--r--)83.3k,/images/copter.svg,.svg
(-rw-r--r--)47.8k,/images/copter.png,.png
(-rw-r--r--)32.7k,/images/compute.png,.png
(-rw-r--r--)118.0k,/images/code_coverage.svg,.svg
(-rw-r--r--)100.3k,/images/code_coverage.png,.png
(-rw-r--r--)132.3k,/images/clown.svg,.svg
(-rw-r--r--)146.9k,/images/clown.png,.png
(-rw-r--r--)43.4k,/images/clocker.svg,.svg
(-rw-r--r--)52.6k,/images/clocker.png,.png
(-rw-r--r--)146.0k,/images/cipherhub.svg,.svg
(-rw-r--r--)49.5k,/images/cipherhub.png,.png
(-rw-r--r--)47.1k,/images/charms.svg,.svg
(-rw-r--r--)47.4k,/images/charms.png,.png
(-rw-r--r--)269.0k,/images/chainsaw.svg,.svg
(-rw-r--r--)62.8k,/images/chainsaw.png,.png
(-rw-r--r--)59.2k,/images/cat-on-keys.png,.png
(-rw-r--r--)45.6k,/images/cassette_robot.jpg,.jpg
(-rw-r--r--)122.7k,/images/cassette_bot.an8,.an8
(-rw-r--r--)42.6k,/images/cash_register.svg,.svg
(-rw-r--r--)32.6k,/images/cash_register.png,.png
(-rw-r--r--)73.4k,/images/cannon.svg,.svg
(-rw-r--r--)61.6k,/images/cannon.png,.png
(-rw-r--r--)107.2k,/images/california_roll.svg,.svg
(-rw-r--r--)61.0k,/images/california_roll.png,.png
(-rw-r--r--)199.0k,/images/burrito.svg,.svg
(-rw-r--r--)82.5k,/images/burrito.png,.png
(-rw-r--r--)4.2k,/images/bug.png,.png
(-rw-r--r--)485.7k,/images/browsers.svg,.svg
(-rw-r--r--)843.3k,/images/browserling_map.png,.png
(-rw-r--r--)3.6k,/images/browserling_icon.png,.png
(-rw-r--r--)162.8k,/images/browserling-tshirt.svg,.svg
(-rw-r--r--)26.3k,/images/browserling-tshirt.png,.png
(-rw-r--r--)115.2k,/images/browserify_logo.svg,.svg
(-rw-r--r--)30.7k,/images/browserify_logo.png,.png
(-rw-r--r--)86.4k,/images/browserify.svg,.svg
(-rw-r--r--)21.5k,/images/browserify.png,.png
(-rw-r--r--)199.2k,/images/brain.svg,.svg
(-rw-r--r--)157.7k,/images/brain.png,.png
(-rw-r--r--)116.5k,/images/bouncy.svg,.svg
(-rw-r--r--)76.2k,/images/bouncy.png,.png
(-rw-r--r--)107.8k,/images/binary-stream.svg,.svg
(-rw-r--r--)52.5k,/images/binary-stream.png,.png
(-rw-r--r--)724.1k,/images/ben.svg,.svg
(-rw-r--r--)164.5k,/images/ben.png,.png
(-rw-r--r--)23.5k,/images/bed.svg,.svg
(-rw-r--r--)38.2k,/images/bed.png,.png
(-rw-r--r--)816B,/images/bb.png,.png
(-rw-r--r--)59.7k,/images/baudio_logo.svg,.svg
(-rw-r--r--)15.9k,/images/baudio_logo.png,.png
(-rw-r--r--)28.4k,/images/badge.png,.png
(-rw-r--r--)22.0k,/images/arrows.svg,.svg
(-rw-r--r--)135.5k,/images/apatosaur.svg,.svg
(-rw-r--r--)120.5k,/images/apatosaur.png,.png
(-rw-r--r--)18.2k,/images/anyone-can-hack.jpg,.jpg
(-rw-r--r--)9.1k,/images/android_chrome.png,.png
(-rw-r--r--)366.7k,/images/all_the_way_down.svg,.svg
(-rw-r--r--)243.1k,/images/all_the_way_down.png,.png
(-rw-r--r--)46.7k,/images/all_the_concerns.png,.png
(-rw-r--r--)78.2k,/images/airport.svg,.svg
(-rw-r--r--)35.1k,/images/airport.png,.png
(-rw-r--r--)298.2k,/images/agu.svg,.svg
(-rw-r--r--)22.7k,/images/a_pipe_b_pipe_a.svg,.svg
(-rw-r--r--)48.5k,/images/a_pipe_b_pipe_a.png,.png
(-rw-r--r--)72.8k,/images/a_browser_in_your_browser.png,.png
(-rw-r--r--)249B,/images/LICENSE,
(-rw-r--r--)101.1k,/images/1up_upvote.png,.png
(-rw-r--r--)34.7k,/images/1up.svg,.svg
(-rw-r--r--)83.4k,/images/1up.png,.png
